{
	"description": "项目配置文件。",
	"packOptions": {
		"ignore": []
	},
	"setting": {
		"urlCheck": true
	},
	"compileType": "miniprogram",
	"libVersion": "2.7.0",
	"appid": "touristappid",
	"projectname": "%E5%95%86%E5%9F%8E%E6%A8%A1%E6%9D%BF(%E6%9B%B4%E6%96%B0%E4%B8%80%E9%83%A8%E5%88%86nvue%E9%A1%B5%E5%92%8CsubNvue%E5%AF%BC%E8%88%AA%E6%A0%8F)",
	"simulatorType": "wechat",
	"simulatorPluginLibVersion": {},
	"condition": {
		"search": {
			"current": -1,
			"list": []
		},
		"conversation": {
			"current": -1,
			"list": []
		},
		"game": {
			"current": -1,
			"list": []
		},
		"miniprogram": {
			"current": -1,
			"list": []
		}
	}
}